0|16|5|4|5|5|Not great, not terrible. Lorem ipsum dolor sit amet consectetur adipisicing elit.|True
1|41|6|5|5|5|aaa|True
2|42|6|5|5|5|aaa|True
3|43|6|5|5|5|aaa|True
4|44|6|5|5|5|aaa|True
5|45|6|5|5|5|aaa|True
6|46|6|5|5|5|aaa|True
7|47|6|5|5|5|aaa|True
8|48|6|5|5|5|aaa|True
9|49|6|5|5|5|aaa|True
10|50|6|5|5|5|aaa|True
11|51|6|5|5|5|aaa|True
12|52|6|5|5|5|aaa|True
13|53|6|5|5|5|aaa|True
14|54|6|5|5|5|aaa|True
15|55|6|5|5|5|aaa|True
16|56|6|5|5|5|aaa|True
17|57|6|5|5|5|aaa|True
18|58|6|5|5|5|aaa|True
19|59|6|5|5|5|aaa|True
20|60|6|5|5|5|aaa|True
21|61|6|5|5|5|aaa|True
22|62|6|5|5|5|aaa|True
